,FirstName,LastName,ID Number,Email
0,James,Smith,40083895,jamessmith@gmail.com
1,Michael,Smith,40083896,michaelsmith@gmail.com
2,Robert,Smith,40083897,robertsmith@gmail.com
3,Maria,Garcia,40083898,mariagarcia@gmail.com
4,David,Smith,40083899,davidsmith@gmail.com
5,Maria,Rodriguez,40083900,mariarodriguez@gmail.com
6,Mary,Smith,40083901,marysmith@gmail.com
7,Maria,Hernandez,40083902,mariahernandez@gmail.com
8,Maria,Martinez,40083903,mariamartinez@gmail.com
9,James,Johnson,40083904,jamesjohnson@gmail.com
